id,firstname,lastname,age,city,profession,car
1,Marcelline,Glovsky,41,Doha,worker,alfa-romeo
2,Ira,Gavrila,19,Ho Chi Minh City,police officer,alfa-romeo
3,Aimil,Martsen,18,Nukulaelae,,chevrolet
4,Tori,Japeth,42,Quezon City,doctor,alfa-romeo
5,Tami,Poll,45,Podgorica,designer,tesla
6,Sonni,Saree,18,Malabo,,ford
7,Robinia,Warthman,45,Virginia Beach,,fiat
8,Yvonne,Crudden,28,Kinshasa,doctor,fiat
9,Selma,Lareena,44,Bergen,designer,bmw
10,Yetty,Ingra,30,Alofi,police officer,alfa romeo
11,Kaia,MacIntosh,30,Perm,dentist,ford
12,Mureil,Telfer,36,Auckland,worker,fiat
13,Shaine,Gilmour,31,Enugu,developer,peugeout
14,Gabi,Penelopa,42,Ankara,dentist,bmw
15,Silvana,Malvino,37,Makassar,worker,fiat
16,Roz,Kimmie,41,Bahía Blanca,developer,alfa-romeo
17,Henriette,Gregrory,33,Angra do Heroísmo,,volkswagen
18,Joeann,Burkle,32,Surat,worker,bmw
19,Lizzie,Rustice,35,Honiara,designer,alfa-romeo
20,Doro,Jaylene,28,Port Louis,designer,peugeot
21,Mignon,Corilla,42,Brikama,doctor,bmw
22,Adore,Rudolph,266,Saint Petersburg,,peugeot
23,Nerta,Pierette,44,Bridgetown,,tesla
24,Evita,Yam,24,Livingstone,dentist,vw
25,Lesly,Khorma,39,Kolkata,dentist,alfa romeo
26,Hollie,Cornelia,24,Manaus,police officer,vw
27,Lauryn,Cherianne,33,Mandurah,dentist,ford
28,Elie,Aprile,38,Antofagasta,police officer,vw
29,Jenda,Ade,33,Avarua,worker,volkswagen
30,Katleen,Pandolfi,18,Riga,,peugeout
31,Anica,Garek,40,Bissau,,volkswagen
32,Teriann,Cynar,42,Bishkek,doctor,vw
33,Dotty,Philoo,44,Los Angeles,designer,bmw
34,Antonietta,Allys,33,Baltimore,doctor,alfa romeo
35,Shaine,Nelsen,45,Veracruz,police officer,subaru
36,Max,Barbey,45,Lubumbashi,worker,peugeout
37,Lanna,Dorothy,37,Xi'an,police officer,peugeot
38,Estell,Peti,42,Pattaya,developer,alfa-romeo
39,Elena,Colleen,23,Mexicali,police officer,bmw
40,Nerta,Kelula,22,Praia,,fiat
41,Kary,Judye,19,Kingston,developer,alfa-romeo
42,Cassondra,Eliathas,36,San Carlos de Bariloche,firefighter,vw
43,Ursulina,Fiann,27,Hai Phong,developer,vw
44,Lucy,Kylander,41,Stuttgart,developer,ford
45,Fernande,Poll,34,Tokyo,police officer,peugeot
46,Rayna,Selway,27,Willemstad,developer,ford
47,Vanessa,Chandler,44,Harare,,peugeout
48,Marcy,Joseph,36,Bogor,developer,peugeot
49,Konstance,Newell,41,Astana,developer,vw
50,Delilah,Rubie,38,Maceió,worker,chevrolet
51,Anestassia,Horan,39,Monterrey,dentist,ford
52,Hayley,Firmin,27,Ambon,dentist,fiat
53,Eugine,Olnee,39,Belfast,doctor,volkswagen
54,Romona,Angelis,31,Kandahar,developer,chevrolet
55,Meg,Rudolph,33,Pristina,developer,alfa romeo
56,Bertine,Riva,34,Lyon,doctor,bmw
57,Celisse,Nance,32,Norilsk,dentist,volkswagen
58,Goldie,Nelsen,28,Amman,worker,alfa-romeo
59,Ginnie,McNully,40,Nanning,dentist,chevrolet
60,Gratia,Jerald,23,Sacramento,designer,alfa romeo
61,Ivett,MacIntosh,38,Perm,developer,peugeout
62,Beverley,Keily,26,El Paso,doctor,peugeot
63,Magdalena,Presber,39,Yaren District,police officer,ford
64,Arlina,Corilla,40,Beijing,,alfa-romeo
65,Robinia,Israeli,23,Tashkent,police officer,fiat
66,Kerrin,Bevin,23,Denver,,ford
67,Meg,Junie,39,Dammam,dentist,volkswagen
68,Agnese,Dex,35,Surabaya,designer,peugeout
69,Fanchon,Garbe,36,Vaduz,developer,alfa romeo
70,Leeanne,Giff,36,Changchun,doctor,volkswagen
71,Gabriellia,Kaja,28,Rawalpindi,police officer,alfa romeo
72,Chloris,Juan,32,Medina,worker,volkswagen
73,Penelopa,Palocz,40,Chennai,worker,alfa-romeo
74,Alex,Alisia,40,Karachi,worker,tesla
75,Ashlee,Birdella,25,Oslo,firefighter,bmw
76,Nicoli,Pernick,26,Surat,developer,bmw
77,Iseabal,Buffum,35,Tampa,police officer,alfa-romeo
78,Merle,Yusuk,26,Basse-Terre,designer,alfa-romeo
79,Concettina,Elbertina,31,Berlin,police officer,peugeot
80,Mamie,Holtz,26,Ndola,firefighter,fiat
81,Kelly,Cleavland,29,Almaty,designer,tesla
82,Rhoda,Therine,34,Budapest,dentist,ford
83,Maud,Uird,24,Blantyre,worker,bmw
84,Deirdre,Lindemann,21,Antananarivo,dentist,fiat
85,Amii,Callista,23,Ipoh,doctor,tesla
86,Ekaterina,Ezar,22,Edinburgh,dentist,chevrolet
87,Zaria,Calhoun,39,Dodoma,designer,ford
88,Vanessa,Doig,41,Dammam,developer,peugeot
89,Tabbatha,Alabaster,18,Tskhinvali,,tesla
90,Flo,Rosemary,45,Luanda,,peugeout
91,Andeee,Bethany,24,Tashkent,developer,bmw
92,Violet,Fiann,39,Labasa,firefighter,fiat
93,Deirdre,Eckblad,20,Kingstown,,peugeot
94,Leeanne,Koziara,30,Blantyre,police officer,peugeout
95,Tabbatha,Saint,35,Tbilisi,dentist,subaru
96,Hayley,Persse,28,Singapore,worker,alfa romeo
97,Harrietta,August,36,Konya,police officer,subaru
48,Marcy,Joseph,36,Bogor,developer,peugeot
99,Fernande,Dosia,23,Pelotas,police officer,ford
100,Verla,Diogenes,38,Vienna,firefighter,peugeout